file_path,snr,cnr,relative_psnr,relative_rmse
data/schizconnect_COBRE_images_22613/COBRE/sub-A00023120/ses-20090101/anat/sub-A00023120_ses-20090101_acq-mprage_run-01_echo-04_T1w.nii.gz,4.277068116569561,3.3871381436289454,27.22595044375529,1719.4028464961048
data/schizconnect_COBRE_images_22613/COBRE/sub-A00023120/ses-20090101/anat/sub-A00023120_ses-20090101_acq-mprage_run-01_echo-03_T1w.nii.gz,4.431118393379141,3.544790830271664,26.737287150446114,1674.4940922750752
data/schizconnect_COBRE_images_22613/COBRE/sub-A00023120/ses-20090101/anat/sub-A00023120_ses-20090101_acq-mprage_run-01_echo-05_T1w.nii.gz,4.63826376069035,3.73947261668015,27.764814661854842,1770.3400785219967
data/schizconnect_COBRE_images_22613/COBRE/sub-A00023120/ses-20090101/anat/sub-A00023120_ses-20090101_acq-mprage_run-01_echo-02_T1w.nii.gz,4.433499935026706,3.549311304279437,27.88446374604093,2021.0788981795633
data/schizconnect_COBRE_images_22613/COBRE/sub-A00023120/ses-20090101/anat/sub-A00023120_ses-20090101_acq-mprage_run-02_T1w.nii.gz,4.368277778941753,3.416874105075664,27.137754689695413,1810.8308793150782
data/schizconnect_COBRE_images_22613/COBRE/sub-A00023120/ses-20090101/anat/sub-A00023120_ses-20090101_acq-mprage_run-01_echo-01_T1w.nii.gz,4.603550402471001,3.729408679500241,28.126018150594106,2652.653951988072
data/schizconnect_COBRE_images_22613/COBRE/sub-A00024663/ses-20090101/anat/sub-A00024663_ses-20090101_run-04_T2wb.nii.gz,5.554088665977148,4.899935126186949,14.693523260669544,487.58393872778237
data/schizconnect_COBRE_images_22613/COBRE/sub-A00024663/ses-20090101/anat/sub-A00024663_ses-20090101_run-03_T2wa.nii.gz,5.56366316749907,4.914684034006785,14.83162907634868,496.04243104703033
